Netherlands,17900000,41543
Belgium,11700000,30528
Germany,84500000,357022
France,68100000,551695
Spain,48400000,505990
Portugal,10400000,92212
Italy,58900000,301340
Switzerland,8800000,41285
Austria,9100000,83871
Poland,36800000,312696
Sweden,10500000,450295
Norway,5500000,385207
Finland,5600000,338145
Denmark,5900000,42924
Iceland,380000,103000
Ireland,5300000,70273
United Kingdom,67700000,243610
Greece,10400000,131957
Turkey,85300000,783562
Russia,144000000,17098242
Ukraine,37000000,603550
Egypt,112700000,1002450
Nigeria,223800000,923768
Ethiopia,126500000,1104300
South Africa,60400000,1221037
Kenya,55100000,580367
Morocco,37800000,446550
India,1428600000,3287263
China,1425700000,9596961
Japan,123300000,377975
South Korea,51700000,100210
Indonesia,277500000,1904569
Vietnam,98900000,331212
Thailand,71800000,513120
Singapore,5900000,719
Bangladesh,172900000,147570
Pakistan,240500000,881913
Australia,26600000,7692024
New Zealand,5200000,268021
Canada,40100000,9984670
United States,339900000,9833517
Mexico,128900000,1964375
Brazil,216400000,8515767
Argentina,45800000,2780400
Chile,19600000,756102
Colombia,52100000,1141748
Peru,34000000,1285216
Monaco,36000,2
Vatican City,800,1
